Sample	Lab_id	Sample_type	Tissue_histology	Cellularity	Ploidy	mean_ploidy_adj
PD53330c	AM001	Patient	Tumour_primary	0.82	2.5	2
PD53330a_hum	AM001-X1	PDX-X1	Tumour_primary	1	2.6	2
PD53332a_hum	AM003a-X1	PDX-X1	Tumour_primary	1	4.1	4
PD53332c_hum	AM003a-X2	PDX-X2	Tumour_primary	1	4	4
PD53332e	AM003c	Patient	Tumour_lymph_node_metastasis	1	5	2
PD53332d	AM003a	Patient	Tumour_primary	0.7	4.1	4
PD53333f	AM004	Patient	Tumour_primary	0.79	4.6	4
PD53333a_hum	AM004-X1	PDX-X1	Tumour_primary	1	5.1	4
PD53333c_hum	AM004-X2	PDX-X2	Tumour_primary	1	4.8	4
PD53333d_hum	AM004-X3	PDX-X3	Tumour_primary	1	5	4
PD53333e_hum	AM004-X4	PDX-X4	Tumour_primary	1	5	4
PD53334a	AM005	Patient	Tumour_primary	0.36	2.4	2
PD53337c	AM008b	Patient	Tumour_recurrence	0.5	2.1	2
PD53338a	AM009	Patient	Tumour_primary	0.51	2.9	2
PD53341a	AM013	Patient	Tumour_primary	0.37	2.6	2
PD53342a	AM014	Patient	Tumour_primary	0.47	2.1	2
PD53343h	AM015a	Patient	Tumour_primary	0.64	2.1	2
PD53343a_hum	AM015a-X1	PDX-X1	Tumour_primary	1	2.1	2
PD53343d_hum	AM015a-X2	PDX-X2	Tumour_primary	1	2.1	2
PD53343e_hum	AM015a-X3	PDX-X3	Tumour_primary	1	2	2
PD53343j	AM015a-X3-Cell2	Cell_line	Tumour_primary	1	2.1	2
PD53343i	AM015b	Patient	Tumour_lymph_node_metastasis	0.8	2.2	2
PD53343c_hum	AM015b-X1	PDX-X1	Tumour_lymph_node_metastasis	1	2.2	2
PD53343f_hum	AM015b-X2	PDX-X2	Tumour_lymph_node_metastasis	1	2.1	2
PD53343k	AM015b-X2-Cell	Cell_line	Tumour_lymph_node_metastasis	1	2.2	2
PD53343g_hum	AM015b-X3	PDX-X3	Tumour_lymph_node_metastasis	1	2.1	2
PD53345a	AM017	Patient	Tumour_primary	0.68	4.9	4
PD53347c	AM019	Patient	Tumour_primary	0.57	5.6	5
PD53347a_hum	AM019-X1	PDX-X1	Tumour_primary	1	5.9	5
PD53348a	AM020	Patient	Tumour_primary	0.48	2	2
PD53349d	AM021a	Patient	Tumour_primary	0.73	4.2	4
PD53349a_hum	AM021a-X1	PDX-X1	Tumour_primary	1	4.2	4
PD53349e	AM021b	Patient	Tumour_lymph_node_metastasis	0.54	4.5	4
PD53349c_hum	AM021b-X1	PDX-X1	Tumour_lymph_node_metastasis	1	3.8	3
PD70984a	AM021b-X2-Cell	Cell_line	Tumour_lymph_node_metastasis	1	3.7	3
PD53349f	AM021b-X2-Cell2	Cell_line	Tumour_lymph_node_metastasis	1	3.6	3
PD53350d	AM022a	Patient	Tumour_primary	0.56	5	4
PD53350a_hum	AM022a-X1	PDX-X1	Tumour_primary	1	5.1	4
PD53350f	AM022a-X1-Cell2	Cell_line	Tumour_primary	1	7	6
PD53350e	AM022b	Patient	Tumour_lymph_node_metastasis	0.59	4.8	4
PD53350c_hum	AM022b-X1	PDX-X1	Tumour_lymph_node_metastasis	1	4.7	4
PD53351a	AM023	Patient	Tumour_lymph_node_metastasis	0.7	4	3
PD53352d	AM025a	Patient	Tumour_recurrence	0.73	3.8	4
PD53352a_hum	AM025a-X1	PDX-X1	Tumour_recurrence	1	4.1	4
PD53352e	AM025b	Patient	Tumour_lymph_node_metastasis	0.91	3.8	4
PD53352c_hum	AM025b-X1	PDX-X1	Tumour_lymph_node_metastasis	1	3.7	4
PD53354a	AM027	Patient	Tumour_primary	0.59	1.9	2
PD53355c	AM029	Patient	Tumour_primary	0.68	4.7	4
PD53355a_hum	AM029-X1	PDX-X1	Tumour_primary	1	4.4	3
PD53357c	AM032a	Patient	Tumour_primary	0.59	3.8	4
PD53357d	AM032b	Patient	Tumour_lymph_node_metastasis	0.94	3.9	4
PD53357a_hum	AM032b-X1	PDX-X1	Tumour_lymph_node_metastasis	1	3.8	4
PD53357e	AM032c	Patient	Tumour_lymph_node_metastasis	0.74	3.7	4
PD70987a_hum	AM032c-X1	PDX-X1	Tumour_lymph_node_metastasis	1	3.6	4
PD53358a	AM033	Patient	Tumour_recurrence	0.88	2.6	2
PD53359c	AM034	Patient	Tumour_lymph_node_metastasis	0.94	4.1	4
PD53359a_hum	AM034-X1	PDX-X1	Tumour_lymph_node_metastasis	1	3.6	4
PD53361a	AM042	Patient	Tumour_primary	0.76	2.2	2
PD53362a	AM043	Patient	Tumour_primary	0.36	3.2	3
PD53364c	AM045	Patient	Tumour_primary	0.64	3.4	3
PD53364a_hum	AM045-X1	PDX-X1	Tumour_primary	1	3.4	3
PD53365a	AM046	Patient	Tumour_primary	0.94	3.7	4
PD53367a	AM048	Patient	Tumour_primary	0.43	6.5	6
PD70978a_hum	AM048-X1	PDX-X1	Tumour_primary	1	6.3	4
PD53368a	AM049	Patient	Tumour_primary	0.76	4.2	4
PD53369a	AM050	Patient	Tumour_primary	0.85	2.2	2
PD70980a_hum	AM050-X1	PDX-X1	Tumour_primary	1	2.2	2
PD70980c	AM050-X2-Cell	Cell_line	Tumour_primary	0.99	2.4	2
PD70963a	AM051	Patient	Tumour_primary	0.89	5.8	4
PD70963c_hum	AM051-X1	PDX-X1	Tumour_primary	1	5.4	4
PD70964a	AM052a	Patient	Tumour_primary	0.64	4.5	4
PD70964d_hum	AM052a-X1	PDX-X1	Tumour_primary	1	4.5	4
PD70964c	AM052b	Patient	Tumour_lymph_node_metastasis	0.47	4.1	4
PD70964e_hum	AM052b-X1	PDX-X1	Tumour_lymph_node_metastasis	0.99	4.5	4
PD70965a	AM053	Patient	Tumour_lymph_node_metastasis	0.57	3.7	4
PD70967a	AM058	Patient	Tumour_primary	0.43	2.2	2
PD70967c_hum	AM058-X1	PDX-X1	Tumour_primary	1	2.2	2
PD70968a	AM060a	Patient	Tumour_lymph_node_metastasis	0.95	4.2	4
PD70968d_hum	AM060a-X1	PDX-X1	Tumour_lymph_node_metastasis	1	4.1	4
PD70968c	AM060b	Patient	Tumour_lymph_node_metastasis	0.98	2.2	2
PD70968e_hum	AM060b-X1	PDX-X1	Tumour_lymph_node_metastasis	1	2.1	2
PD70969a	AM062	Patient	Tumour_lymph_node_metastasis	0.45	1.7	2
PD70969c_hum	AM062-X1	PDX-X1	Tumour_lymph_node_metastasis	1	1.8	2
PD70970a	AM065	Patient	Tumour_primary	0.63	2.1	2
PD70970c_hum	AM065-X1	PDX-X1	Tumour_primary	1	2.2	2
PD70976d_hum	AM066a-X1	PDX-X1	Tumour_primary	1	4.2	4
PD70976c	AM066b	Patient	Tumour_lymph_node_metastasis	0.5	4.6	4
PD70971d_hum	AM067a-X1	PDX-X1	Tumour_primary	1	3.8	3
PD70971a	AM067b	Patient	Tumour_lymph_node_metastasis	0.87	3.9	3
PD70971c_hum	AM067b-X1	PDX-X1	Tumour_lymph_node_metastasis	1	3.5	3
PD70972a	AM068a	Patient	Tumour_primary	0.55	2.1	2
PD70972c	AM068b	Patient	Tumour_lymph_node_metastasis	0.74	4.1	4
PD70972d_hum	AM068b-X1	PDX-X1	Tumour_lymph_node_metastasis	1	4	4
PD70973a	AM069	Patient	Tumour_lymph_node_metastasis	0.38	2	2
PD70973c_hum	AM069-X1	PDX-X1	Tumour_lymph_node_metastasis	1	2	2
