patient,n_pdx_for_patient,pdx_sample_ids,x1,n_private_patient,n_private_x1,n_shared_patient_and_x1,n_shared_x1_and_others_but_not_in_patient,n_shared_patient_and_others_but_not_in_x1,n_shared_patient_x1_and_others_but_not_public,n_public
AM001,1,AM001-X1,AM001-X1,5,25,0,0,0,0,45
AM003a,2,AM003a-X2/AM003a-X1,AM003a-X1,40,13,0,35,0,0,53
AM004,4,AM004-X2/AM004-X3/AM004-X4/AM004-X1,AM004-X1,3,4,0,4,0,0,25
AM015a,5,AM015a-X3-Cell2/AM015a-X3-Cell/AM015a-X2/AM015a-X1/AM015a-X3,AM015a-X1,0,11,0,2,5,4,100
AM015b,5,AM015b-X3/AM015b-X2/AM015b-X2-Cell/AM015b-X2-Cell2/AM015b-X1,AM015b-X1,4,0,0,9,6,8,106
AM019,1,AM019-X1,AM019-X1,29,35,0,0,0,0,176
AM021a,1,AM021a-X1,AM021a-X1,17,20,0,0,0,0,148
AM021b,3,AM021b-X2-Cell2/AM021b-X2-Cell/AM021b-X1,AM021b-X1,15,4,0,29,1,0,100
AM022a,2,AM022a-X1-Cell2/AM022a-X1,AM022a-X1,11,19,0,4,1,0,85
AM022b,1,AM022b-X1,AM022b-X1,8,14,0,0,0,0,90
AM025a,1,AM025a-X1,AM025a-X1,3,6,0,0,0,0,46
AM025b,1,AM025b-X1,AM025b-X1,6,9,0,0,0,0,44
AM029,1,AM029-X1,AM029-X1,23,29,0,0,0,0,26
AM032c,1,AM032c-X1,AM032c-X1,8,13,0,0,0,0,62
AM032b,1,AM032b-X1,AM032b-X1,10,13,0,0,0,0,55
AM034,1,AM034-X1,AM034-X1,5,15,0,0,0,0,141
AM045,1,AM045-X1,AM045-X1,14,44,0,0,0,0,26
AM048,1,AM048-X1,AM048-X1,9,37,0,0,0,0,68
AM050,2,AM050-X2-Cell/AM050-X1,AM050-X1,6,12,0,1,1,0,43
AM051,1,AM051-X1,AM051-X1,6,8,0,0,0,0,60
AM052a,1,AM052a-X1,AM052a-X1,37,75,0,0,0,0,21
AM052b,1,AM052b-X1,AM052b-X1,3,35,0,0,0,0,66
AM058,1,AM058-X1,AM058-X1,9,7,0,0,0,0,47
AM060a,1,AM060a-X1,AM060a-X1,19,22,0,0,0,0,41
AM060b,1,AM060b-X1,AM060b-X1,3,2,0,0,0,0,48
AM062,1,AM062-X1,AM062-X1,9,34,0,0,0,0,390
AM065,1,AM065-X1,AM065-X1,5,11,0,0,0,0,31
AM066a,1,AM066a-X1,AM066a-X1,4,34,0,0,0,0,34
AM067b,1,AM067b-X1,AM067b-X1,3,17,0,0,0,0,64
AM068b,1,AM068b-X1,AM068b-X1,8,20,0,0,0,0,17
AM069,1,AM069-X1,AM069-X1,4,14,0,0,0,0,26
AM096,1,AM096-X1,AM096-X1,60,30,0,0,0,0,64
AM098,1,AM098-X1,AM098-X1,15,57,0,0,0,0,62
