"","sample","sample_interpretable","event","gene","cosmic_cgc_role_in_cancer","cosmic_cgc_tumour_types_somatic","cosmic_cgc_tumour_types_germline","location","mutation","mutation_status_in_sample","mutation_type","n_samples_mutation_is_present","sample_ids_mutation_is_present"
"1","PD70971c_hum","AM067b-X1_gDNA_tumour","ABRAXAS2:chr10:124834535:C:T","ABRAXAS2",NA,NA,NA,"chr10:124834535","C:T","1","Public",2,"AM067b-X1_gDNA_tumour, AM067b_gDNA_tumour"
"2","PD70971c_hum","AM067b-X1_gDNA_tumour","ADGRF4:chr6:47712574:A:G","ADGRF4",NA,NA,NA,"chr6:47712574","A:G","1","Public",2,"AM067b-X1_gDNA_tumour, AM067b_gDNA_tumour"
"3","PD70971c_hum","AM067b-X1_gDNA_tumour","AHNAK2:chr14:104953998:G:A","AHNAK2",NA,NA,NA,"chr14:104953998","G:A","1","Public",2,"AM067b-X1_gDNA_tumour, AM067b_gDNA_tumour"
"4","PD70971c_hum","AM067b-X1_gDNA_tumour","AIG1:chr6:143284202:C:A","AIG1",NA,NA,NA,"chr6:143284202","C:A","1","Public",2,"AM067b-X1_gDNA_tumour, AM067b_gDNA_tumour"
"5","PD70971c_hum","AM067b-X1_gDNA_tumour","ANKFN1:chr17:56511234:T:A","ANKFN1",NA,NA,NA,"chr17:56511234","T:A","1","Public",2,"AM067b-X1_gDNA_tumour, AM067b_gDNA_tumour"
"6","PD70971c_hum","AM067b-X1_gDNA_tumour","ARHGEF19:chr1:16207090:C:G","ARHGEF19",NA,NA,NA,"chr1:16207090","C:G","1","Public",2,"AM067b-X1_gDNA_tumour, AM067b_gDNA_tumour"
"7","PD70971c_hum","AM067b-X1_gDNA_tumour","BCL11B:chr14:99175012:C:T","BCL11B","oncogene, TSG, fusion","T-ALL","","chr14:99175012","C:T","1","Public",2,"AM067b-X1_gDNA_tumour, AM067b_gDNA_tumour"
"8","PD70971c_hum","AM067b-X1_gDNA_tumour","BPIFA2:chr20:33174144:T:A","BPIFA2",NA,NA,NA,"chr20:33174144","T:A","1","Public",2,"AM067b-X1_gDNA_tumour, AM067b_gDNA_tumour"
"9","PD70971c_hum","AM067b-X1_gDNA_tumour","CES1:chr16:55823666:G:A","CES1",NA,NA,NA,"chr16:55823666","G:A","1","Public",2,"AM067b-X1_gDNA_tumour, AM067b_gDNA_tumour"
"10","PD70971c_hum","AM067b-X1_gDNA_tumour","CFAP46:chr10:132847221:G:A","CFAP46",NA,NA,NA,"chr10:132847221","G:A","1","Public",2,"AM067b-X1_gDNA_tumour, AM067b_gDNA_tumour"
"11","PD70971c_hum","AM067b-X1_gDNA_tumour","CLCN7:chr16:1450504:C:A","CLCN7",NA,NA,NA,"chr16:1450504","C:A","1","Public",2,"AM067b-X1_gDNA_tumour, AM067b_gDNA_tumour"
"12","PD70971c_hum","AM067b-X1_gDNA_tumour","CYP8B1:chr3:42875607:C:T","CYP8B1",NA,NA,NA,"chr3:42875607","C:T","1","Public",2,"AM067b-X1_gDNA_tumour, AM067b_gDNA_tumour"
"13","PD70971c_hum","AM067b-X1_gDNA_tumour","DNAH17:chr17:78468627:C:A","DNAH17",NA,NA,NA,"chr17:78468627","C:A","1","Public",2,"AM067b-X1_gDNA_tumour, AM067b_gDNA_tumour"
"14","PD70971c_hum","AM067b-X1_gDNA_tumour","DNAH17:chr17:78468734:C:T","DNAH17",NA,NA,NA,"chr17:78468734","C:T","1","Public",2,"AM067b-X1_gDNA_tumour, AM067b_gDNA_tumour"
"15","PD70971c_hum","AM067b-X1_gDNA_tumour","EGF:chr4:109983491:A:T","EGF",NA,NA,NA,"chr4:109983491","A:T","1","Public",2,"AM067b-X1_gDNA_tumour, AM067b_gDNA_tumour"
"16","PD70971c_hum","AM067b-X1_gDNA_tumour","EGFR:chr7:55198744:T:A","EGFR","oncogene","glioma, NSCLC","NSCLC","chr7:55198744","T:A","1","Public",2,"AM067b-X1_gDNA_tumour, AM067b_gDNA_tumour"
"17","PD70971c_hum","AM067b-X1_gDNA_tumour","ERCC6L2:chr9:95921178:G:C","ERCC6L2",NA,NA,NA,"chr9:95921178","G:C","1","Public",2,"AM067b-X1_gDNA_tumour, AM067b_gDNA_tumour"
"18","PD70971c_hum","AM067b-X1_gDNA_tumour","ERICH3:chr1:74572697:G:A","ERICH3",NA,NA,NA,"chr1:74572697","G:A","1","Public",2,"AM067b-X1_gDNA_tumour, AM067b_gDNA_tumour"
"19","PD70971c_hum","AM067b-X1_gDNA_tumour","ERICH6B:chr13:45541609:G:T","ERICH6B",NA,NA,NA,"chr13:45541609","G:T","1","Public",2,"AM067b-X1_gDNA_tumour, AM067b_gDNA_tumour"
"20","PD70971c_hum","AM067b-X1_gDNA_tumour","FBXL17:chr5:108364917:T:A","FBXL17",NA,NA,NA,"chr5:108364917","T:A","1","Public",2,"AM067b-X1_gDNA_tumour, AM067b_gDNA_tumour"
"21","PD70971c_hum","AM067b-X1_gDNA_tumour","GPHB5:chr14:63317738:C:T","GPHB5",NA,NA,NA,"chr14:63317738","C:T","1","Public",2,"AM067b-X1_gDNA_tumour, AM067b_gDNA_tumour"
"22","PD70971c_hum","AM067b-X1_gDNA_tumour","HSPG2:chr1:21850053:C:T","HSPG2",NA,NA,NA,"chr1:21850053","C:T","1","Public",2,"AM067b-X1_gDNA_tumour, AM067b_gDNA_tumour"
"23","PD70971c_hum","AM067b-X1_gDNA_tumour","KCP:chr7:128893451:A:T","KCP",NA,NA,NA,"chr7:128893451","A:T","1","Public",2,"AM067b-X1_gDNA_tumour, AM067b_gDNA_tumour"
"24","PD70971c_hum","AM067b-X1_gDNA_tumour","KIF18A:chr11:28059153:T:C","KIF18A",NA,NA,NA,"chr11:28059153","T:C","1","Public",2,"AM067b-X1_gDNA_tumour, AM067b_gDNA_tumour"
"25","PD70971c_hum","AM067b-X1_gDNA_tumour","KIT:chr4:54727423:T:C","KIT","oncogene","GIST, AML, TGCT, mastocytosis, mucosal melanoma","GIST, epithelioma","chr4:54727423","T:C","1","Public",2,"AM067b-X1_gDNA_tumour, AM067b_gDNA_tumour"
"26","PD70971c_hum","AM067b-X1_gDNA_tumour","KIT:chr4:54727444:T:C","KIT","oncogene","GIST, AML, TGCT, mastocytosis, mucosal melanoma","GIST, epithelioma","chr4:54727444","T:C","1","Public",2,"AM067b-X1_gDNA_tumour, AM067b_gDNA_tumour"
"27","PD70971c_hum","AM067b-X1_gDNA_tumour","MAP3K9:chr14:70801024:A:C","MAP3K9",NA,NA,NA,"chr14:70801024","A:C","1","Public",2,"AM067b-X1_gDNA_tumour, AM067b_gDNA_tumour"
"28","PD70971c_hum","AM067b-X1_gDNA_tumour","MEGF10:chr5:127443113:G:A","MEGF10",NA,NA,NA,"chr5:127443113","G:A","1","Public",2,"AM067b-X1_gDNA_tumour, AM067b_gDNA_tumour"
"29","PD70971c_hum","AM067b-X1_gDNA_tumour","MSANTD3-TMEFF1:chr9:100509043:G:T","MSANTD3-TMEFF1",NA,NA,NA,"chr9:100509043","G:T","1","Public",2,"AM067b-X1_gDNA_tumour, AM067b_gDNA_tumour"
"30","PD70971c_hum","AM067b-X1_gDNA_tumour","MYH10:chr17:8548686:C:T","MYH10",NA,NA,NA,"chr17:8548686","C:T","1","Public",2,"AM067b-X1_gDNA_tumour, AM067b_gDNA_tumour"
"31","PD70971c_hum","AM067b-X1_gDNA_tumour","NBAS:chr2:15554062:T:A","NBAS",NA,NA,NA,"chr2:15554062","T:A","1","Public",2,"AM067b-X1_gDNA_tumour, AM067b_gDNA_tumour"
"32","PD70971c_hum","AM067b-X1_gDNA_tumour","NCBP1:chr9:97662980:C:T","NCBP1",NA,NA,NA,"chr9:97662980","C:T","1","Public",2,"AM067b-X1_gDNA_tumour, AM067b_gDNA_tumour"
"33","PD70971c_hum","AM067b-X1_gDNA_tumour","NLRP12:chr19:53795901:C:A","NLRP12",NA,NA,NA,"chr19:53795901","C:A","1","Public",2,"AM067b-X1_gDNA_tumour, AM067b_gDNA_tumour"
"34","PD70971c_hum","AM067b-X1_gDNA_tumour","OR4X2:chr11:48245629:C:A","OR4X2",NA,NA,NA,"chr11:48245629","C:A","1","Public",2,"AM067b-X1_gDNA_tumour, AM067b_gDNA_tumour"
"35","PD70971c_hum","AM067b-X1_gDNA_tumour","PCDH17:chr13:57632793:C:T","PCDH17",NA,NA,NA,"chr13:57632793","C:T","1","Public",2,"AM067b-X1_gDNA_tumour, AM067b_gDNA_tumour"
"36","PD70971c_hum","AM067b-X1_gDNA_tumour","PHLDB3:chr19:43497784:C:T","PHLDB3",NA,NA,NA,"chr19:43497784","C:T","1","Public",2,"AM067b-X1_gDNA_tumour, AM067b_gDNA_tumour"
"37","PD70971c_hum","AM067b-X1_gDNA_tumour","PLEC:chr8:143923630:G:A","PLEC",NA,NA,NA,"chr8:143923630","G:A","1","Public",2,"AM067b-X1_gDNA_tumour, AM067b_gDNA_tumour"
"38","PD70971c_hum","AM067b-X1_gDNA_tumour","PLXDC2:chr10:20001831:G:T","PLXDC2",NA,NA,NA,"chr10:20001831","G:T","1","Public",2,"AM067b-X1_gDNA_tumour, AM067b_gDNA_tumour"
"39","PD70971c_hum","AM067b-X1_gDNA_tumour","PMEL:chr12:55961330:A:G","PMEL",NA,NA,NA,"chr12:55961330","A:G","1","Public",2,"AM067b-X1_gDNA_tumour, AM067b_gDNA_tumour"
"40","PD70971c_hum","AM067b-X1_gDNA_tumour","PNMA5:chrX:152990842:G:A","PNMA5",NA,NA,NA,"chrX:152990842","G:A","1","Public",2,"AM067b-X1_gDNA_tumour, AM067b_gDNA_tumour"
"41","PD70971c_hum","AM067b-X1_gDNA_tumour","RHBDL3:chr17:32267923:C:G","RHBDL3",NA,NA,NA,"chr17:32267923","C:G","1","Public",2,"AM067b-X1_gDNA_tumour, AM067b_gDNA_tumour"
"42","PD70971c_hum","AM067b-X1_gDNA_tumour","SAMD9:chr7:93102823:A:G","SAMD9",NA,NA,NA,"chr7:93102823","A:G","1","Public",2,"AM067b-X1_gDNA_tumour, AM067b_gDNA_tumour"
"43","PD70971c_hum","AM067b-X1_gDNA_tumour","SF3B2:chr11:66059864:G:A","SF3B2",NA,NA,NA,"chr11:66059864","G:A","1","Public",2,"AM067b-X1_gDNA_tumour, AM067b_gDNA_tumour"
"44","PD70971c_hum","AM067b-X1_gDNA_tumour","SLC49A3:chr4:684781:-:G","SLC49A3",NA,NA,NA,"chr4:684781","-:G","1","Public",2,"AM067b-X1_gDNA_tumour, AM067b_gDNA_tumour"
"45","PD70971c_hum","AM067b-X1_gDNA_tumour","SLC8A1:chr2:40430234:CCCATTGAA:-","SLC8A1",NA,NA,NA,"chr2:40430234","CCCATTGAA:-","1","Public",2,"AM067b-X1_gDNA_tumour, AM067b_gDNA_tumour"
"46","PD70971c_hum","AM067b-X1_gDNA_tumour","TACC1:chr8:38838501:G:A","TACC1",NA,NA,NA,"chr8:38838501","G:A","1","Public",2,"AM067b-X1_gDNA_tumour, AM067b_gDNA_tumour"
"47","PD70971c_hum","AM067b-X1_gDNA_tumour","TAF1:chrX:71387364:T:G","TAF1",NA,NA,NA,"chrX:71387364","T:G","1","Public",2,"AM067b-X1_gDNA_tumour, AM067b_gDNA_tumour"
"48","PD70971c_hum","AM067b-X1_gDNA_tumour","TCF25:chr16:89893752:-:A","TCF25",NA,NA,NA,"chr16:89893752","-:A","1","Public",2,"AM067b-X1_gDNA_tumour, AM067b_gDNA_tumour"
"49","PD70971c_hum","AM067b-X1_gDNA_tumour","TCHH:chr1:152108826:C:T","TCHH",NA,NA,NA,"chr1:152108826","C:T","1","Public",2,"AM067b-X1_gDNA_tumour, AM067b_gDNA_tumour"
"50","PD70971c_hum","AM067b-X1_gDNA_tumour","TFDP3:chrX:133217183:G:A","TFDP3",NA,NA,NA,"chrX:133217183","G:A","1","Public",2,"AM067b-X1_gDNA_tumour, AM067b_gDNA_tumour"
"51","PD70971c_hum","AM067b-X1_gDNA_tumour","TMEFF1:chr9:100509043:G:T","TMEFF1",NA,NA,NA,"chr9:100509043","G:T","1","Public",2,"AM067b-X1_gDNA_tumour, AM067b_gDNA_tumour"
"52","PD70971c_hum","AM067b-X1_gDNA_tumour","TMEM248:chr7:66948680:G:A","TMEM248",NA,NA,NA,"chr7:66948680","G:A","1","Public",2,"AM067b-X1_gDNA_tumour, AM067b_gDNA_tumour"
"53","PD70971c_hum","AM067b-X1_gDNA_tumour","TNMD:chrX:100599557:G:A","TNMD",NA,NA,NA,"chrX:100599557","G:A","1","Public",2,"AM067b-X1_gDNA_tumour, AM067b_gDNA_tumour"
"54","PD70971c_hum","AM067b-X1_gDNA_tumour","TRIM28:chr19:58549090:C:A","TRIM28",NA,NA,NA,"chr19:58549090","C:A","1","Public",2,"AM067b-X1_gDNA_tumour, AM067b_gDNA_tumour"
"55","PD70971c_hum","AM067b-X1_gDNA_tumour","TRIM8:chr10:102645034:C:G","TRIM8",NA,NA,NA,"chr10:102645034","C:G","1","Public",2,"AM067b-X1_gDNA_tumour, AM067b_gDNA_tumour"
"56","PD70971c_hum","AM067b-X1_gDNA_tumour","TUT4:chr1:52526107:-:T","TUT4",NA,NA,NA,"chr1:52526107","-:T","1","Public",2,"AM067b-X1_gDNA_tumour, AM067b_gDNA_tumour"
"57","PD70971c_hum","AM067b-X1_gDNA_tumour","TYRP1:chr9:12702411:ACAA:-","TYRP1",NA,NA,NA,"chr9:12702411","ACAA:-","1","Public",2,"AM067b-X1_gDNA_tumour, AM067b_gDNA_tumour"
"58","PD70971c_hum","AM067b-X1_gDNA_tumour","UNC13C:chr15:54626908:G:A","UNC13C",NA,NA,NA,"chr15:54626908","G:A","1","Public",2,"AM067b-X1_gDNA_tumour, AM067b_gDNA_tumour"
"59","PD70971c_hum","AM067b-X1_gDNA_tumour","UNC50:chr2:98616520:C:T","UNC50",NA,NA,NA,"chr2:98616520","C:T","1","Public",2,"AM067b-X1_gDNA_tumour, AM067b_gDNA_tumour"
"60","PD70971c_hum","AM067b-X1_gDNA_tumour","UNC50:chr2:98618197:C:G","UNC50",NA,NA,NA,"chr2:98618197","C:G","1","Public",2,"AM067b-X1_gDNA_tumour, AM067b_gDNA_tumour"
"61","PD70971c_hum","AM067b-X1_gDNA_tumour","ZC2HC1B:chr6:143898564:G:A","ZC2HC1B",NA,NA,NA,"chr6:143898564","G:A","1","Public",2,"AM067b-X1_gDNA_tumour, AM067b_gDNA_tumour"
"62","PD70971c_hum","AM067b-X1_gDNA_tumour","ZC3HC1:chr7:130051242:G:C","ZC3HC1",NA,NA,NA,"chr7:130051242","G:C","1","Public",2,"AM067b-X1_gDNA_tumour, AM067b_gDNA_tumour"
"63","PD70971c_hum","AM067b-X1_gDNA_tumour","ZFHX3:chr16:72797554:C:A","ZFHX3","TSG","endometrial, gastric, prostate","","chr16:72797554","C:A","1","Public",2,"AM067b-X1_gDNA_tumour, AM067b_gDNA_tumour"
"64","PD70971c_hum","AM067b-X1_gDNA_tumour","ZNF746:chr7:149494475:A:T","ZNF746",NA,NA,NA,"chr7:149494475","A:T","1","Public",2,"AM067b-X1_gDNA_tumour, AM067b_gDNA_tumour"
"65","PD70971c_hum","AM067b-X1_gDNA_tumour","NOL4L:chr20:32452303:G:A","NOL4L",NA,NA,NA,"chr20:32452303","G:A","1","Private",1,"AM067b-X1_gDNA_tumour"
"66","PD70971c_hum","AM067b-X1_gDNA_tumour","PPP1CC:chr12:110722539:A:G","PPP1CC",NA,NA,NA,"chr12:110722539","A:G","1","Private",1,"AM067b-X1_gDNA_tumour"
"67","PD70971c_hum","AM067b-X1_gDNA_tumour","PPP1CC:chr12:110722648:G:T","PPP1CC",NA,NA,NA,"chr12:110722648","G:T","1","Private",1,"AM067b-X1_gDNA_tumour"
"68","PD70971c_hum","AM067b-X1_gDNA_tumour","SAMD1:chr19:14090112:C:G","SAMD1",NA,NA,NA,"chr19:14090112","C:G","1","Private",1,"AM067b-X1_gDNA_tumour"
"69","PD70971c_hum","AM067b-X1_gDNA_tumour","SCNN1B:chr16:23352928:C:A","SCNN1B",NA,NA,NA,"chr16:23352928","C:A","1","Private",1,"AM067b-X1_gDNA_tumour"
"70","PD70971c_hum","AM067b-X1_gDNA_tumour","SELL:chr1:169708487:C:A","SELL",NA,NA,NA,"chr1:169708487","C:A","1","Private",1,"AM067b-X1_gDNA_tumour"
"71","PD70971c_hum","AM067b-X1_gDNA_tumour","SGCZ:chr8:14324193:T:C","SGCZ",NA,NA,NA,"chr8:14324193","T:C","1","Private",1,"AM067b-X1_gDNA_tumour"
"72","PD70971c_hum","AM067b-X1_gDNA_tumour","TAF4:chr20:62065663:C:G","TAF4",NA,NA,NA,"chr20:62065663","C:G","1","Private",1,"AM067b-X1_gDNA_tumour"
"73","PD70971c_hum","AM067b-X1_gDNA_tumour","UBE2N:chr12:93411132:G:T","UBE2N",NA,NA,NA,"chr12:93411132","G:T","1","Private",1,"AM067b-X1_gDNA_tumour"
"74","PD70971c_hum","AM067b-X1_gDNA_tumour","UBE2N:chr12:93411204:A:G","UBE2N",NA,NA,NA,"chr12:93411204","A:G","1","Private",1,"AM067b-X1_gDNA_tumour"
"75","PD70971c_hum","AM067b-X1_gDNA_tumour","UBE2N:chr12:93411255:G:T","UBE2N",NA,NA,NA,"chr12:93411255","G:T","1","Private",1,"AM067b-X1_gDNA_tumour"
"76","PD70971c_hum","AM067b-X1_gDNA_tumour","UBE2N:chr12:93411261:G:A","UBE2N",NA,NA,NA,"chr12:93411261","G:A","1","Private",1,"AM067b-X1_gDNA_tumour"
"77","PD70971c_hum","AM067b-X1_gDNA_tumour","YTHDF2:chr1:28742642:C:T","YTHDF2",NA,NA,NA,"chr1:28742642","C:T","1","Private",1,"AM067b-X1_gDNA_tumour"
"78","PD70971c_hum","AM067b-X1_gDNA_tumour","YTHDF2:chr1:28742705:G:A","YTHDF2",NA,NA,NA,"chr1:28742705","G:A","1","Private",1,"AM067b-X1_gDNA_tumour"
"79","PD70971c_hum","AM067b-X1_gDNA_tumour","YTHDF2:chr1:28742729:T:C","YTHDF2",NA,NA,NA,"chr1:28742729","T:C","1","Private",1,"AM067b-X1_gDNA_tumour"
"80","PD70971c_hum","AM067b-X1_gDNA_tumour","YTHDF2:chr1:28742741:T:C","YTHDF2",NA,NA,NA,"chr1:28742741","T:C","1","Private",1,"AM067b-X1_gDNA_tumour"
"81","PD70971c_hum","AM067b-X1_gDNA_tumour","YTHDF2:chr1:28743812:C:T","YTHDF2",NA,NA,NA,"chr1:28743812","C:T","1","Private",1,"AM067b-X1_gDNA_tumour"
"82","PD70971c_hum","AM067b-X1_gDNA_tumour","CNDP2:chr18:74510879:G:A","CNDP2",NA,NA,NA,"chr18:74510879","G:A","0",NA,1,"AM067b_gDNA_tumour"
"83","PD70971c_hum","AM067b-X1_gDNA_tumour","SWT1:chr1:185168322:TTTTTTATTT:AAATGATAGACTTTTTTTTTTAA","SWT1",NA,NA,NA,"chr1:185168322","TTTTTTATTT:AAATGATAGACTTTTTTTTTTAA","0",NA,1,"AM067b_gDNA_tumour"
"84","PD70971c_hum","AM067b-X1_gDNA_tumour","ZFR:chr5:32419940:CAGCAGC:-","ZFR",NA,NA,NA,"chr5:32419940","CAGCAGC:-","0",NA,1,"AM067b_gDNA_tumour"
"85","PD70971a","AM067b_gDNA_tumour","ABRAXAS2:chr10:124834535:C:T","ABRAXAS2",NA,NA,NA,"chr10:124834535","C:T","1","Public",2,"AM067b-X1_gDNA_tumour, AM067b_gDNA_tumour"
"86","PD70971a","AM067b_gDNA_tumour","ADGRF4:chr6:47712574:A:G","ADGRF4",NA,NA,NA,"chr6:47712574","A:G","1","Public",2,"AM067b-X1_gDNA_tumour, AM067b_gDNA_tumour"
"87","PD70971a","AM067b_gDNA_tumour","AHNAK2:chr14:104953998:G:A","AHNAK2",NA,NA,NA,"chr14:104953998","G:A","1","Public",2,"AM067b-X1_gDNA_tumour, AM067b_gDNA_tumour"
"88","PD70971a","AM067b_gDNA_tumour","AIG1:chr6:143284202:C:A","AIG1",NA,NA,NA,"chr6:143284202","C:A","1","Public",2,"AM067b-X1_gDNA_tumour, AM067b_gDNA_tumour"
"89","PD70971a","AM067b_gDNA_tumour","ANKFN1:chr17:56511234:T:A","ANKFN1",NA,NA,NA,"chr17:56511234","T:A","1","Public",2,"AM067b-X1_gDNA_tumour, AM067b_gDNA_tumour"
"90","PD70971a","AM067b_gDNA_tumour","ARHGEF19:chr1:16207090:C:G","ARHGEF19",NA,NA,NA,"chr1:16207090","C:G","1","Public",2,"AM067b-X1_gDNA_tumour, AM067b_gDNA_tumour"
"91","PD70971a","AM067b_gDNA_tumour","BCL11B:chr14:99175012:C:T","BCL11B","oncogene, TSG, fusion","T-ALL","","chr14:99175012","C:T","1","Public",2,"AM067b-X1_gDNA_tumour, AM067b_gDNA_tumour"
"92","PD70971a","AM067b_gDNA_tumour","BPIFA2:chr20:33174144:T:A","BPIFA2",NA,NA,NA,"chr20:33174144","T:A","1","Public",2,"AM067b-X1_gDNA_tumour, AM067b_gDNA_tumour"
"93","PD70971a","AM067b_gDNA_tumour","CES1:chr16:55823666:G:A","CES1",NA,NA,NA,"chr16:55823666","G:A","1","Public",2,"AM067b-X1_gDNA_tumour, AM067b_gDNA_tumour"
"94","PD70971a","AM067b_gDNA_tumour","CFAP46:chr10:132847221:G:A","CFAP46",NA,NA,NA,"chr10:132847221","G:A","1","Public",2,"AM067b-X1_gDNA_tumour, AM067b_gDNA_tumour"
"95","PD70971a","AM067b_gDNA_tumour","CLCN7:chr16:1450504:C:A","CLCN7",NA,NA,NA,"chr16:1450504","C:A","1","Public",2,"AM067b-X1_gDNA_tumour, AM067b_gDNA_tumour"
"96","PD70971a","AM067b_gDNA_tumour","CYP8B1:chr3:42875607:C:T","CYP8B1",NA,NA,NA,"chr3:42875607","C:T","1","Public",2,"AM067b-X1_gDNA_tumour, AM067b_gDNA_tumour"
"97","PD70971a","AM067b_gDNA_tumour","DNAH17:chr17:78468627:C:A","DNAH17",NA,NA,NA,"chr17:78468627","C:A","1","Public",2,"AM067b-X1_gDNA_tumour, AM067b_gDNA_tumour"
"98","PD70971a","AM067b_gDNA_tumour","DNAH17:chr17:78468734:C:T","DNAH17",NA,NA,NA,"chr17:78468734","C:T","1","Public",2,"AM067b-X1_gDNA_tumour, AM067b_gDNA_tumour"
"99","PD70971a","AM067b_gDNA_tumour","EGF:chr4:109983491:A:T","EGF",NA,NA,NA,"chr4:109983491","A:T","1","Public",2,"AM067b-X1_gDNA_tumour, AM067b_gDNA_tumour"
"100","PD70971a","AM067b_gDNA_tumour","EGFR:chr7:55198744:T:A","EGFR","oncogene","glioma, NSCLC","NSCLC","chr7:55198744","T:A","1","Public",2,"AM067b-X1_gDNA_tumour, AM067b_gDNA_tumour"
"101","PD70971a","AM067b_gDNA_tumour","ERCC6L2:chr9:95921178:G:C","ERCC6L2",NA,NA,NA,"chr9:95921178","G:C","1","Public",2,"AM067b-X1_gDNA_tumour, AM067b_gDNA_tumour"
"102","PD70971a","AM067b_gDNA_tumour","ERICH3:chr1:74572697:G:A","ERICH3",NA,NA,NA,"chr1:74572697","G:A","1","Public",2,"AM067b-X1_gDNA_tumour, AM067b_gDNA_tumour"
"103","PD70971a","AM067b_gDNA_tumour","ERICH6B:chr13:45541609:G:T","ERICH6B",NA,NA,NA,"chr13:45541609","G:T","1","Public",2,"AM067b-X1_gDNA_tumour, AM067b_gDNA_tumour"
"104","PD70971a","AM067b_gDNA_tumour","FBXL17:chr5:108364917:T:A","FBXL17",NA,NA,NA,"chr5:108364917","T:A","1","Public",2,"AM067b-X1_gDNA_tumour, AM067b_gDNA_tumour"
"105","PD70971a","AM067b_gDNA_tumour","GPHB5:chr14:63317738:C:T","GPHB5",NA,NA,NA,"chr14:63317738","C:T","1","Public",2,"AM067b-X1_gDNA_tumour, AM067b_gDNA_tumour"
"106","PD70971a","AM067b_gDNA_tumour","HSPG2:chr1:21850053:C:T","HSPG2",NA,NA,NA,"chr1:21850053","C:T","1","Public",2,"AM067b-X1_gDNA_tumour, AM067b_gDNA_tumour"
"107","PD70971a","AM067b_gDNA_tumour","KCP:chr7:128893451:A:T","KCP",NA,NA,NA,"chr7:128893451","A:T","1","Public",2,"AM067b-X1_gDNA_tumour, AM067b_gDNA_tumour"
"108","PD70971a","AM067b_gDNA_tumour","KIF18A:chr11:28059153:T:C","KIF18A",NA,NA,NA,"chr11:28059153","T:C","1","Public",2,"AM067b-X1_gDNA_tumour, AM067b_gDNA_tumour"
"109","PD70971a","AM067b_gDNA_tumour","KIT:chr4:54727423:T:C","KIT","oncogene","GIST, AML, TGCT, mastocytosis, mucosal melanoma","GIST, epithelioma","chr4:54727423","T:C","1","Public",2,"AM067b-X1_gDNA_tumour, AM067b_gDNA_tumour"
"110","PD70971a","AM067b_gDNA_tumour","KIT:chr4:54727444:T:C","KIT","oncogene","GIST, AML, TGCT, mastocytosis, mucosal melanoma","GIST, epithelioma","chr4:54727444","T:C","1","Public",2,"AM067b-X1_gDNA_tumour, AM067b_gDNA_tumour"
"111","PD70971a","AM067b_gDNA_tumour","MAP3K9:chr14:70801024:A:C","MAP3K9",NA,NA,NA,"chr14:70801024","A:C","1","Public",2,"AM067b-X1_gDNA_tumour, AM067b_gDNA_tumour"
"112","PD70971a","AM067b_gDNA_tumour","MEGF10:chr5:127443113:G:A","MEGF10",NA,NA,NA,"chr5:127443113","G:A","1","Public",2,"AM067b-X1_gDNA_tumour, AM067b_gDNA_tumour"
"113","PD70971a","AM067b_gDNA_tumour","MSANTD3-TMEFF1:chr9:100509043:G:T","MSANTD3-TMEFF1",NA,NA,NA,"chr9:100509043","G:T","1","Public",2,"AM067b-X1_gDNA_tumour, AM067b_gDNA_tumour"
"114","PD70971a","AM067b_gDNA_tumour","MYH10:chr17:8548686:C:T","MYH10",NA,NA,NA,"chr17:8548686","C:T","1","Public",2,"AM067b-X1_gDNA_tumour, AM067b_gDNA_tumour"
"115","PD70971a","AM067b_gDNA_tumour","NBAS:chr2:15554062:T:A","NBAS",NA,NA,NA,"chr2:15554062","T:A","1","Public",2,"AM067b-X1_gDNA_tumour, AM067b_gDNA_tumour"
"116","PD70971a","AM067b_gDNA_tumour","NCBP1:chr9:97662980:C:T","NCBP1",NA,NA,NA,"chr9:97662980","C:T","1","Public",2,"AM067b-X1_gDNA_tumour, AM067b_gDNA_tumour"
"117","PD70971a","AM067b_gDNA_tumour","NLRP12:chr19:53795901:C:A","NLRP12",NA,NA,NA,"chr19:53795901","C:A","1","Public",2,"AM067b-X1_gDNA_tumour, AM067b_gDNA_tumour"
"118","PD70971a","AM067b_gDNA_tumour","OR4X2:chr11:48245629:C:A","OR4X2",NA,NA,NA,"chr11:48245629","C:A","1","Public",2,"AM067b-X1_gDNA_tumour, AM067b_gDNA_tumour"
"119","PD70971a","AM067b_gDNA_tumour","PCDH17:chr13:57632793:C:T","PCDH17",NA,NA,NA,"chr13:57632793","C:T","1","Public",2,"AM067b-X1_gDNA_tumour, AM067b_gDNA_tumour"
"120","PD70971a","AM067b_gDNA_tumour","PHLDB3:chr19:43497784:C:T","PHLDB3",NA,NA,NA,"chr19:43497784","C:T","1","Public",2,"AM067b-X1_gDNA_tumour, AM067b_gDNA_tumour"
"121","PD70971a","AM067b_gDNA_tumour","PLEC:chr8:143923630:G:A","PLEC",NA,NA,NA,"chr8:143923630","G:A","1","Public",2,"AM067b-X1_gDNA_tumour, AM067b_gDNA_tumour"
"122","PD70971a","AM067b_gDNA_tumour","PLXDC2:chr10:20001831:G:T","PLXDC2",NA,NA,NA,"chr10:20001831","G:T","1","Public",2,"AM067b-X1_gDNA_tumour, AM067b_gDNA_tumour"
"123","PD70971a","AM067b_gDNA_tumour","PMEL:chr12:55961330:A:G","PMEL",NA,NA,NA,"chr12:55961330","A:G","1","Public",2,"AM067b-X1_gDNA_tumour, AM067b_gDNA_tumour"
"124","PD70971a","AM067b_gDNA_tumour","PNMA5:chrX:152990842:G:A","PNMA5",NA,NA,NA,"chrX:152990842","G:A","1","Public",2,"AM067b-X1_gDNA_tumour, AM067b_gDNA_tumour"
"125","PD70971a","AM067b_gDNA_tumour","RHBDL3:chr17:32267923:C:G","RHBDL3",NA,NA,NA,"chr17:32267923","C:G","1","Public",2,"AM067b-X1_gDNA_tumour, AM067b_gDNA_tumour"
"126","PD70971a","AM067b_gDNA_tumour","SAMD9:chr7:93102823:A:G","SAMD9",NA,NA,NA,"chr7:93102823","A:G","1","Public",2,"AM067b-X1_gDNA_tumour, AM067b_gDNA_tumour"
"127","PD70971a","AM067b_gDNA_tumour","SF3B2:chr11:66059864:G:A","SF3B2",NA,NA,NA,"chr11:66059864","G:A","1","Public",2,"AM067b-X1_gDNA_tumour, AM067b_gDNA_tumour"
"128","PD70971a","AM067b_gDNA_tumour","SLC49A3:chr4:684781:-:G","SLC49A3",NA,NA,NA,"chr4:684781","-:G","1","Public",2,"AM067b-X1_gDNA_tumour, AM067b_gDNA_tumour"
"129","PD70971a","AM067b_gDNA_tumour","SLC8A1:chr2:40430234:CCCATTGAA:-","SLC8A1",NA,NA,NA,"chr2:40430234","CCCATTGAA:-","1","Public",2,"AM067b-X1_gDNA_tumour, AM067b_gDNA_tumour"
"130","PD70971a","AM067b_gDNA_tumour","TACC1:chr8:38838501:G:A","TACC1",NA,NA,NA,"chr8:38838501","G:A","1","Public",2,"AM067b-X1_gDNA_tumour, AM067b_gDNA_tumour"
"131","PD70971a","AM067b_gDNA_tumour","TAF1:chrX:71387364:T:G","TAF1",NA,NA,NA,"chrX:71387364","T:G","1","Public",2,"AM067b-X1_gDNA_tumour, AM067b_gDNA_tumour"
"132","PD70971a","AM067b_gDNA_tumour","TCF25:chr16:89893752:-:A","TCF25",NA,NA,NA,"chr16:89893752","-:A","1","Public",2,"AM067b-X1_gDNA_tumour, AM067b_gDNA_tumour"
"133","PD70971a","AM067b_gDNA_tumour","TCHH:chr1:152108826:C:T","TCHH",NA,NA,NA,"chr1:152108826","C:T","1","Public",2,"AM067b-X1_gDNA_tumour, AM067b_gDNA_tumour"
"134","PD70971a","AM067b_gDNA_tumour","TFDP3:chrX:133217183:G:A","TFDP3",NA,NA,NA,"chrX:133217183","G:A","1","Public",2,"AM067b-X1_gDNA_tumour, AM067b_gDNA_tumour"
"135","PD70971a","AM067b_gDNA_tumour","TMEFF1:chr9:100509043:G:T","TMEFF1",NA,NA,NA,"chr9:100509043","G:T","1","Public",2,"AM067b-X1_gDNA_tumour, AM067b_gDNA_tumour"
"136","PD70971a","AM067b_gDNA_tumour","TMEM248:chr7:66948680:G:A","TMEM248",NA,NA,NA,"chr7:66948680","G:A","1","Public",2,"AM067b-X1_gDNA_tumour, AM067b_gDNA_tumour"
"137","PD70971a","AM067b_gDNA_tumour","TNMD:chrX:100599557:G:A","TNMD",NA,NA,NA,"chrX:100599557","G:A","1","Public",2,"AM067b-X1_gDNA_tumour, AM067b_gDNA_tumour"
"138","PD70971a","AM067b_gDNA_tumour","TRIM28:chr19:58549090:C:A","TRIM28",NA,NA,NA,"chr19:58549090","C:A","1","Public",2,"AM067b-X1_gDNA_tumour, AM067b_gDNA_tumour"
"139","PD70971a","AM067b_gDNA_tumour","TRIM8:chr10:102645034:C:G","TRIM8",NA,NA,NA,"chr10:102645034","C:G","1","Public",2,"AM067b-X1_gDNA_tumour, AM067b_gDNA_tumour"
"140","PD70971a","AM067b_gDNA_tumour","TUT4:chr1:52526107:-:T","TUT4",NA,NA,NA,"chr1:52526107","-:T","1","Public",2,"AM067b-X1_gDNA_tumour, AM067b_gDNA_tumour"
"141","PD70971a","AM067b_gDNA_tumour","TYRP1:chr9:12702411:ACAA:-","TYRP1",NA,NA,NA,"chr9:12702411","ACAA:-","1","Public",2,"AM067b-X1_gDNA_tumour, AM067b_gDNA_tumour"
"142","PD70971a","AM067b_gDNA_tumour","UNC13C:chr15:54626908:G:A","UNC13C",NA,NA,NA,"chr15:54626908","G:A","1","Public",2,"AM067b-X1_gDNA_tumour, AM067b_gDNA_tumour"
"143","PD70971a","AM067b_gDNA_tumour","UNC50:chr2:98616520:C:T","UNC50",NA,NA,NA,"chr2:98616520","C:T","1","Public",2,"AM067b-X1_gDNA_tumour, AM067b_gDNA_tumour"
"144","PD70971a","AM067b_gDNA_tumour","UNC50:chr2:98618197:C:G","UNC50",NA,NA,NA,"chr2:98618197","C:G","1","Public",2,"AM067b-X1_gDNA_tumour, AM067b_gDNA_tumour"
"145","PD70971a","AM067b_gDNA_tumour","ZC2HC1B:chr6:143898564:G:A","ZC2HC1B",NA,NA,NA,"chr6:143898564","G:A","1","Public",2,"AM067b-X1_gDNA_tumour, AM067b_gDNA_tumour"
"146","PD70971a","AM067b_gDNA_tumour","ZC3HC1:chr7:130051242:G:C","ZC3HC1",NA,NA,NA,"chr7:130051242","G:C","1","Public",2,"AM067b-X1_gDNA_tumour, AM067b_gDNA_tumour"
"147","PD70971a","AM067b_gDNA_tumour","ZFHX3:chr16:72797554:C:A","ZFHX3","TSG","endometrial, gastric, prostate","","chr16:72797554","C:A","1","Public",2,"AM067b-X1_gDNA_tumour, AM067b_gDNA_tumour"
"148","PD70971a","AM067b_gDNA_tumour","ZNF746:chr7:149494475:A:T","ZNF746",NA,NA,NA,"chr7:149494475","A:T","1","Public",2,"AM067b-X1_gDNA_tumour, AM067b_gDNA_tumour"
"149","PD70971a","AM067b_gDNA_tumour","NOL4L:chr20:32452303:G:A","NOL4L",NA,NA,NA,"chr20:32452303","G:A","0",NA,1,"AM067b-X1_gDNA_tumour"
"150","PD70971a","AM067b_gDNA_tumour","PPP1CC:chr12:110722539:A:G","PPP1CC",NA,NA,NA,"chr12:110722539","A:G","0",NA,1,"AM067b-X1_gDNA_tumour"
"151","PD70971a","AM067b_gDNA_tumour","PPP1CC:chr12:110722648:G:T","PPP1CC",NA,NA,NA,"chr12:110722648","G:T","0",NA,1,"AM067b-X1_gDNA_tumour"
"152","PD70971a","AM067b_gDNA_tumour","SAMD1:chr19:14090112:C:G","SAMD1",NA,NA,NA,"chr19:14090112","C:G","0",NA,1,"AM067b-X1_gDNA_tumour"
"153","PD70971a","AM067b_gDNA_tumour","SCNN1B:chr16:23352928:C:A","SCNN1B",NA,NA,NA,"chr16:23352928","C:A","0",NA,1,"AM067b-X1_gDNA_tumour"
"154","PD70971a","AM067b_gDNA_tumour","SELL:chr1:169708487:C:A","SELL",NA,NA,NA,"chr1:169708487","C:A","0",NA,1,"AM067b-X1_gDNA_tumour"
"155","PD70971a","AM067b_gDNA_tumour","SGCZ:chr8:14324193:T:C","SGCZ",NA,NA,NA,"chr8:14324193","T:C","0",NA,1,"AM067b-X1_gDNA_tumour"
"156","PD70971a","AM067b_gDNA_tumour","TAF4:chr20:62065663:C:G","TAF4",NA,NA,NA,"chr20:62065663","C:G","0",NA,1,"AM067b-X1_gDNA_tumour"
"157","PD70971a","AM067b_gDNA_tumour","UBE2N:chr12:93411132:G:T","UBE2N",NA,NA,NA,"chr12:93411132","G:T","0",NA,1,"AM067b-X1_gDNA_tumour"
"158","PD70971a","AM067b_gDNA_tumour","UBE2N:chr12:93411204:A:G","UBE2N",NA,NA,NA,"chr12:93411204","A:G","0",NA,1,"AM067b-X1_gDNA_tumour"
"159","PD70971a","AM067b_gDNA_tumour","UBE2N:chr12:93411255:G:T","UBE2N",NA,NA,NA,"chr12:93411255","G:T","0",NA,1,"AM067b-X1_gDNA_tumour"
"160","PD70971a","AM067b_gDNA_tumour","UBE2N:chr12:93411261:G:A","UBE2N",NA,NA,NA,"chr12:93411261","G:A","0",NA,1,"AM067b-X1_gDNA_tumour"
"161","PD70971a","AM067b_gDNA_tumour","YTHDF2:chr1:28742642:C:T","YTHDF2",NA,NA,NA,"chr1:28742642","C:T","0",NA,1,"AM067b-X1_gDNA_tumour"
"162","PD70971a","AM067b_gDNA_tumour","YTHDF2:chr1:28742705:G:A","YTHDF2",NA,NA,NA,"chr1:28742705","G:A","0",NA,1,"AM067b-X1_gDNA_tumour"
"163","PD70971a","AM067b_gDNA_tumour","YTHDF2:chr1:28742729:T:C","YTHDF2",NA,NA,NA,"chr1:28742729","T:C","0",NA,1,"AM067b-X1_gDNA_tumour"
"164","PD70971a","AM067b_gDNA_tumour","YTHDF2:chr1:28742741:T:C","YTHDF2",NA,NA,NA,"chr1:28742741","T:C","0",NA,1,"AM067b-X1_gDNA_tumour"
"165","PD70971a","AM067b_gDNA_tumour","YTHDF2:chr1:28743812:C:T","YTHDF2",NA,NA,NA,"chr1:28743812","C:T","0",NA,1,"AM067b-X1_gDNA_tumour"
"166","PD70971a","AM067b_gDNA_tumour","CNDP2:chr18:74510879:G:A","CNDP2",NA,NA,NA,"chr18:74510879","G:A","1","Private",1,"AM067b_gDNA_tumour"
"167","PD70971a","AM067b_gDNA_tumour","SWT1:chr1:185168322:TTTTTTATTT:AAATGATAGACTTTTTTTTTTAA","SWT1",NA,NA,NA,"chr1:185168322","TTTTTTATTT:AAATGATAGACTTTTTTTTTTAA","1","Private",1,"AM067b_gDNA_tumour"
"168","PD70971a","AM067b_gDNA_tumour","ZFR:chr5:32419940:CAGCAGC:-","ZFR",NA,NA,NA,"chr5:32419940","CAGCAGC:-","1","Private",1,"AM067b_gDNA_tumour"
