Tumor_Sample_Barcode	Tumor_ID	Patient_ID	Tumor_Sample_Label
PD53330a_hum	a	PD53330	a_hum
PD53330c	c	PD53330	c
PD53332a_hum	a	PD53332	a_hum
PD53332c_hum	c	PD53332	c_hum
PD53332d	d	PD53332	d
PD53332e	e	PD53332	e
PD53333a_hum	a	PD53333	a_hum
PD53333c_hum	c	PD53333	c_hum
PD53333d_hum	d	PD53333	d_hum
PD53333e_hum	e	PD53333	e_hum
PD53333f	f	PD53333	f
PD53337a	a	PD53337	a
PD53337c	c	PD53337	c
PD53343a_hum	a	PD53343	a_hum
PD53343c_hum	c	PD53343	c_hum
PD53343d_hum	d	PD53343	d_hum
PD53343e_hum	e	PD53343	e_hum
PD53343f_hum	f	PD53343	f_hum
PD53343g_hum	g	PD53343	g_hum
PD53343h	h	PD53343	h
PD53343i	i	PD53343	i
PD53343j	j	PD53343	j
PD53343k	k	PD53343	k
PD53347a_hum	a	PD53347	a_hum
PD53347c	c	PD53347	c
PD53349a_hum	a	PD53349	a_hum
PD53349c_hum	c	PD53349	c_hum
PD53349d	d	PD53349	d
PD53349e	e	PD53349	e
PD53349f	f	PD53349	f
PD53350a_hum	a	PD53350	a_hum
PD53350c_hum	c	PD53350	c_hum
PD53350d	d	PD53350	d
PD53350e	e	PD53350	e
PD53350f	f	PD53350	f
PD53352a_hum	a	PD53352	a_hum
PD53352c_hum	c	PD53352	c_hum
PD53352d	d	PD53352	d
PD53352e	e	PD53352	e
PD53355a_hum	a	PD53355	a_hum
PD53355c	c	PD53355	c
PD53357a_hum	a	PD53357	a_hum
PD53357c	c	PD53357	c
PD53357d	d	PD53357	d
PD53357e	e	PD53357	e
PD53359a_hum	a	PD53359	a_hum
PD53359c	c	PD53359	c
PD53364a_hum	a	PD53364	a_hum
PD53364c	c	PD53364	c
PD70963a	a	PD70963	a
PD70963c_hum	c	PD70963	c_hum
PD70964a	a	PD70964	a
PD70964c	c	PD70964	c
PD70964d_hum	d	PD70964	d_hum
PD70964e_hum	e	PD70964	e_hum
PD70967a	a	PD70967	a
PD70967c_hum	c	PD70967	c_hum
PD70968a	a	PD70968	a
PD70968c	c	PD70968	c
PD70968d_hum	d	PD70968	d_hum
PD70968e_hum	e	PD70968	e_hum
PD70969a	a	PD70969	a
PD70969c_hum	c	PD70969	c_hum
PD70970a	a	PD70970	a
PD70970c_hum	c	PD70970	c_hum
PD70971a	a	PD70971	a
PD70971c_hum	c	PD70971	c_hum
PD70971d_hum	d	PD70971	d_hum
PD70972a	a	PD70972	a
PD70972c	c	PD70972	c
PD70972d_hum	d	PD70972	d_hum
PD70973a	a	PD70973	a
PD70973c_hum	c	PD70973	c_hum
PD70974a	a	PD70974	a
PD70974c_hum	c	PD70974	c_hum
PD70975a	a	PD70975	a
PD70975c_hum	c	PD70975	c_hum
PD70976a	a	PD70976	a
PD70976c	c	PD70976	c
PD70976d_hum	d	PD70976	d_hum
PD70980a_hum	a	PD70980	a_hum
PD70980c	c	PD70980	c
PD70982a	a	PD70982	a
PD70982c	c	PD70982	c
