sample,event,gene,cosmic_cgc_role_in_cancer,cosmic_cgc_tumour_types_somatic,cosmic_cgc_tumour_types_germline,location,mutation,mutation_status_in_sample,mutation_type,n_samples_mutation_is_present,sample_ids_mutation_is_present
AM067b-X1,ABRAXAS2:chr10:124834535:C:T,ABRAXAS2,NA,NA,NA,chr10:124834535,C:T,1,Public,2,AM067b-X1/AM067b
AM067b-X1,ADGRF4:chr6:47712574:A:G,ADGRF4,NA,NA,NA,chr6:47712574,A:G,1,Public,2,AM067b-X1/AM067b
AM067b-X1,AHNAK2:chr14:104953998:G:A,AHNAK2,NA,NA,NA,chr14:104953998,G:A,1,Public,2,AM067b-X1/AM067b
AM067b-X1,AIG1:chr6:143284202:C:A,AIG1,NA,NA,NA,chr6:143284202,C:A,1,Public,2,AM067b-X1/AM067b
AM067b-X1,ANKFN1:chr17:56511234:T:A,ANKFN1,NA,NA,NA,chr17:56511234,T:A,1,Public,2,AM067b-X1/AM067b
AM067b-X1,ARHGEF19:chr1:16207090:C:G,ARHGEF19,NA,NA,NA,chr1:16207090,C:G,1,Public,2,AM067b-X1/AM067b
AM067b-X1,BCL11B:chr14:99175012:C:T,BCL11B,"oncogene, TSG, fusion",T-ALL,,chr14:99175012,C:T,1,Public,2,AM067b-X1/AM067b
AM067b-X1,BPIFA2:chr20:33174144:T:A,BPIFA2,NA,NA,NA,chr20:33174144,T:A,1,Public,2,AM067b-X1/AM067b
AM067b-X1,CES1:chr16:55823666:G:A,CES1,NA,NA,NA,chr16:55823666,G:A,1,Public,2,AM067b-X1/AM067b
AM067b-X1,CFAP46:chr10:132847221:G:A,CFAP46,NA,NA,NA,chr10:132847221,G:A,1,Public,2,AM067b-X1/AM067b
AM067b-X1,CLCN7:chr16:1450504:C:A,CLCN7,NA,NA,NA,chr16:1450504,C:A,1,Public,2,AM067b-X1/AM067b
AM067b-X1,CYP8B1:chr3:42875607:C:T,CYP8B1,NA,NA,NA,chr3:42875607,C:T,1,Public,2,AM067b-X1/AM067b
AM067b-X1,DNAH17:chr17:78468627:C:A,DNAH17,NA,NA,NA,chr17:78468627,C:A,1,Public,2,AM067b-X1/AM067b
AM067b-X1,DNAH17:chr17:78468734:C:T,DNAH17,NA,NA,NA,chr17:78468734,C:T,1,Public,2,AM067b-X1/AM067b
AM067b-X1,EGF:chr4:109983491:A:T,EGF,NA,NA,NA,chr4:109983491,A:T,1,Public,2,AM067b-X1/AM067b
AM067b-X1,EGFR:chr7:55198744:T:A,EGFR,oncogene,glioma/NSCLC,NSCLC,chr7:55198744,T:A,1,Public,2,AM067b-X1/AM067b
AM067b-X1,ERCC6L2:chr9:95921178:G:C,ERCC6L2,NA,NA,NA,chr9:95921178,G:C,1,Public,2,AM067b-X1/AM067b
AM067b-X1,ERICH3:chr1:74572697:G:A,ERICH3,NA,NA,NA,chr1:74572697,G:A,1,Public,2,AM067b-X1/AM067b
AM067b-X1,ERICH6B:chr13:45541609:G:T,ERICH6B,NA,NA,NA,chr13:45541609,G:T,1,Public,2,AM067b-X1/AM067b
AM067b-X1,FBXL17:chr5:108364917:T:A,FBXL17,NA,NA,NA,chr5:108364917,T:A,1,Public,2,AM067b-X1/AM067b
AM067b-X1,GPHB5:chr14:63317738:C:T,GPHB5,NA,NA,NA,chr14:63317738,C:T,1,Public,2,AM067b-X1/AM067b
AM067b-X1,HSPG2:chr1:21850053:C:T,HSPG2,NA,NA,NA,chr1:21850053,C:T,1,Public,2,AM067b-X1/AM067b
AM067b-X1,KCP:chr7:128893451:A:T,KCP,NA,NA,NA,chr7:128893451,A:T,1,Public,2,AM067b-X1/AM067b
AM067b-X1,KIF18A:chr11:28059153:T:C,KIF18A,NA,NA,NA,chr11:28059153,T:C,1,Public,2,AM067b-X1/AM067b
AM067b-X1,KIT:chr4:54727423:T:C,KIT,oncogene,GIST/AML/TGCT/mastocytosis/mucosal melanoma,GIST/epithelioma,chr4:54727423,T:C,1,Public,2,AM067b-X1/AM067b
AM067b-X1,KIT:chr4:54727444:T:C,KIT,oncogene,GIST/AML/TGCT/mastocytosis/mucosal melanoma,GIST/epithelioma,chr4:54727444,T:C,1,Public,2,AM067b-X1/AM067b
AM067b-X1,MAP3K9:chr14:70801024:A:C,MAP3K9,NA,NA,NA,chr14:70801024,A:C,1,Public,2,AM067b-X1/AM067b
AM067b-X1,MEGF10:chr5:127443113:G:A,MEGF10,NA,NA,NA,chr5:127443113,G:A,1,Public,2,AM067b-X1/AM067b
AM067b-X1,MSANTD3-TMEFF1:chr9:100509043:G:T,MSANTD3-TMEFF1,NA,NA,NA,chr9:100509043,G:T,1,Public,2,AM067b-X1/AM067b
AM067b-X1,MYH10:chr17:8548686:C:T,MYH10,NA,NA,NA,chr17:8548686,C:T,1,Public,2,AM067b-X1/AM067b
AM067b-X1,NBAS:chr2:15554062:T:A,NBAS,NA,NA,NA,chr2:15554062,T:A,1,Public,2,AM067b-X1/AM067b
AM067b-X1,NCBP1:chr9:97662980:C:T,NCBP1,NA,NA,NA,chr9:97662980,C:T,1,Public,2,AM067b-X1/AM067b
AM067b-X1,NLRP12:chr19:53795901:C:A,NLRP12,NA,NA,NA,chr19:53795901,C:A,1,Public,2,AM067b-X1/AM067b
AM067b-X1,OR4X2:chr11:48245629:C:A,OR4X2,NA,NA,NA,chr11:48245629,C:A,1,Public,2,AM067b-X1/AM067b
AM067b-X1,PCDH17:chr13:57632793:C:T,PCDH17,NA,NA,NA,chr13:57632793,C:T,1,Public,2,AM067b-X1/AM067b
AM067b-X1,PHLDB3:chr19:43497784:C:T,PHLDB3,NA,NA,NA,chr19:43497784,C:T,1,Public,2,AM067b-X1/AM067b
AM067b-X1,PLEC:chr8:143923630:G:A,PLEC,NA,NA,NA,chr8:143923630,G:A,1,Public,2,AM067b-X1/AM067b
AM067b-X1,PLXDC2:chr10:20001831:G:T,PLXDC2,NA,NA,NA,chr10:20001831,G:T,1,Public,2,AM067b-X1/AM067b
AM067b-X1,PMEL:chr12:55961330:A:G,PMEL,NA,NA,NA,chr12:55961330,A:G,1,Public,2,AM067b-X1/AM067b
AM067b-X1,PNMA5:chrX:152990842:G:A,PNMA5,NA,NA,NA,chrX:152990842,G:A,1,Public,2,AM067b-X1/AM067b
AM067b-X1,RHBDL3:chr17:32267923:C:G,RHBDL3,NA,NA,NA,chr17:32267923,C:G,1,Public,2,AM067b-X1/AM067b
AM067b-X1,SAMD9:chr7:93102823:A:G,SAMD9,NA,NA,NA,chr7:93102823,A:G,1,Public,2,AM067b-X1/AM067b
AM067b-X1,SF3B2:chr11:66059864:G:A,SF3B2,NA,NA,NA,chr11:66059864,G:A,1,Public,2,AM067b-X1/AM067b
AM067b-X1,SLC49A3:chr4:684781:-:G,SLC49A3,NA,NA,NA,chr4:684781,-:G,1,Public,2,AM067b-X1/AM067b
AM067b-X1,SLC8A1:chr2:40430234:CCCATTGAA:-,SLC8A1,NA,NA,NA,chr2:40430234,CCCATTGAA:-,1,Public,2,AM067b-X1/AM067b
AM067b-X1,TACC1:chr8:38838501:G:A,TACC1,NA,NA,NA,chr8:38838501,G:A,1,Public,2,AM067b-X1/AM067b
AM067b-X1,TAF1:chrX:71387364:T:G,TAF1,NA,NA,NA,chrX:71387364,T:G,1,Public,2,AM067b-X1/AM067b
AM067b-X1,TCF25:chr16:89893752:-:A,TCF25,NA,NA,NA,chr16:89893752,-:A,1,Public,2,AM067b-X1/AM067b
AM067b-X1,TCHH:chr1:152108826:C:T,TCHH,NA,NA,NA,chr1:152108826,C:T,1,Public,2,AM067b-X1/AM067b
AM067b-X1,TFDP3:chrX:133217183:G:A,TFDP3,NA,NA,NA,chrX:133217183,G:A,1,Public,2,AM067b-X1/AM067b
AM067b-X1,TMEFF1:chr9:100509043:G:T,TMEFF1,NA,NA,NA,chr9:100509043,G:T,1,Public,2,AM067b-X1/AM067b
AM067b-X1,TMEM248:chr7:66948680:G:A,TMEM248,NA,NA,NA,chr7:66948680,G:A,1,Public,2,AM067b-X1/AM067b
AM067b-X1,TNMD:chrX:100599557:G:A,TNMD,NA,NA,NA,chrX:100599557,G:A,1,Public,2,AM067b-X1/AM067b
AM067b-X1,TRIM28:chr19:58549090:C:A,TRIM28,NA,NA,NA,chr19:58549090,C:A,1,Public,2,AM067b-X1/AM067b
AM067b-X1,TRIM8:chr10:102645034:C:G,TRIM8,NA,NA,NA,chr10:102645034,C:G,1,Public,2,AM067b-X1/AM067b
AM067b-X1,TUT4:chr1:52526107:-:T,TUT4,NA,NA,NA,chr1:52526107,-:T,1,Public,2,AM067b-X1/AM067b
AM067b-X1,TYRP1:chr9:12702411:ACAA:-,TYRP1,NA,NA,NA,chr9:12702411,ACAA:-,1,Public,2,AM067b-X1/AM067b
AM067b-X1,UNC13C:chr15:54626908:G:A,UNC13C,NA,NA,NA,chr15:54626908,G:A,1,Public,2,AM067b-X1/AM067b
AM067b-X1,UNC50:chr2:98616520:C:T,UNC50,NA,NA,NA,chr2:98616520,C:T,1,Public,2,AM067b-X1/AM067b
AM067b-X1,UNC50:chr2:98618197:C:G,UNC50,NA,NA,NA,chr2:98618197,C:G,1,Public,2,AM067b-X1/AM067b
AM067b-X1,ZC2HC1B:chr6:143898564:G:A,ZC2HC1B,NA,NA,NA,chr6:143898564,G:A,1,Public,2,AM067b-X1/AM067b
AM067b-X1,ZC3HC1:chr7:130051242:G:C,ZC3HC1,NA,NA,NA,chr7:130051242,G:C,1,Public,2,AM067b-X1/AM067b
AM067b-X1,ZFHX3:chr16:72797554:C:A,ZFHX3,TSG,endometrial/gastric/prostate,,chr16:72797554,C:A,1,Public,2,AM067b-X1/AM067b
AM067b-X1,ZNF746:chr7:149494475:A:T,ZNF746,NA,NA,NA,chr7:149494475,A:T,1,Public,2,AM067b-X1/AM067b
AM067b-X1,NOL4L:chr20:32452303:G:A,NOL4L,NA,NA,NA,chr20:32452303,G:A,1,Private,1,AM067b-X1
AM067b-X1,PPP1CC:chr12:110722539:A:G,PPP1CC,NA,NA,NA,chr12:110722539,A:G,1,Private,1,AM067b-X1
AM067b-X1,PPP1CC:chr12:110722648:G:T,PPP1CC,NA,NA,NA,chr12:110722648,G:T,1,Private,1,AM067b-X1
AM067b-X1,SAMD1:chr19:14090112:C:G,SAMD1,NA,NA,NA,chr19:14090112,C:G,1,Private,1,AM067b-X1
AM067b-X1,SCNN1B:chr16:23352928:C:A,SCNN1B,NA,NA,NA,chr16:23352928,C:A,1,Private,1,AM067b-X1
AM067b-X1,SELL:chr1:169708487:C:A,SELL,NA,NA,NA,chr1:169708487,C:A,1,Private,1,AM067b-X1
AM067b-X1,SGCZ:chr8:14324193:T:C,SGCZ,NA,NA,NA,chr8:14324193,T:C,1,Private,1,AM067b-X1
AM067b-X1,TAF4:chr20:62065663:C:G,TAF4,NA,NA,NA,chr20:62065663,C:G,1,Private,1,AM067b-X1
AM067b-X1,UBE2N:chr12:93411132:G:T,UBE2N,NA,NA,NA,chr12:93411132,G:T,1,Private,1,AM067b-X1
AM067b-X1,UBE2N:chr12:93411204:A:G,UBE2N,NA,NA,NA,chr12:93411204,A:G,1,Private,1,AM067b-X1
AM067b-X1,UBE2N:chr12:93411255:G:T,UBE2N,NA,NA,NA,chr12:93411255,G:T,1,Private,1,AM067b-X1
AM067b-X1,UBE2N:chr12:93411261:G:A,UBE2N,NA,NA,NA,chr12:93411261,G:A,1,Private,1,AM067b-X1
AM067b-X1,YTHDF2:chr1:28742642:C:T,YTHDF2,NA,NA,NA,chr1:28742642,C:T,1,Private,1,AM067b-X1
AM067b-X1,YTHDF2:chr1:28742705:G:A,YTHDF2,NA,NA,NA,chr1:28742705,G:A,1,Private,1,AM067b-X1
AM067b-X1,YTHDF2:chr1:28742729:T:C,YTHDF2,NA,NA,NA,chr1:28742729,T:C,1,Private,1,AM067b-X1
AM067b-X1,YTHDF2:chr1:28742741:T:C,YTHDF2,NA,NA,NA,chr1:28742741,T:C,1,Private,1,AM067b-X1
AM067b-X1,YTHDF2:chr1:28743812:C:T,YTHDF2,NA,NA,NA,chr1:28743812,C:T,1,Private,1,AM067b-X1
AM067b-X1,CNDP2:chr18:74510879:G:A,CNDP2,NA,NA,NA,chr18:74510879,G:A,0,NA,1,AM067b
AM067b-X1,SWT1:chr1:185168322:TTTTTTATTT:AAATGATAGACTTTTTTTTTTAA,SWT1,NA,NA,NA,chr1:185168322,TTTTTTATTT:AAATGATAGACTTTTTTTTTTAA,0,NA,1,AM067b
AM067b-X1,ZFR:chr5:32419940:CAGCAGC:-,ZFR,NA,NA,NA,chr5:32419940,CAGCAGC:-,0,NA,1,AM067b
AM067b,ABRAXAS2:chr10:124834535:C:T,ABRAXAS2,NA,NA,NA,chr10:124834535,C:T,1,Public,2,AM067b-X1/AM067b
AM067b,ADGRF4:chr6:47712574:A:G,ADGRF4,NA,NA,NA,chr6:47712574,A:G,1,Public,2,AM067b-X1/AM067b
AM067b,AHNAK2:chr14:104953998:G:A,AHNAK2,NA,NA,NA,chr14:104953998,G:A,1,Public,2,AM067b-X1/AM067b
AM067b,AIG1:chr6:143284202:C:A,AIG1,NA,NA,NA,chr6:143284202,C:A,1,Public,2,AM067b-X1/AM067b
AM067b,ANKFN1:chr17:56511234:T:A,ANKFN1,NA,NA,NA,chr17:56511234,T:A,1,Public,2,AM067b-X1/AM067b
AM067b,ARHGEF19:chr1:16207090:C:G,ARHGEF19,NA,NA,NA,chr1:16207090,C:G,1,Public,2,AM067b-X1/AM067b
AM067b,BCL11B:chr14:99175012:C:T,BCL11B,"oncogene, TSG, fusion",T-ALL,,chr14:99175012,C:T,1,Public,2,AM067b-X1/AM067b
AM067b,BPIFA2:chr20:33174144:T:A,BPIFA2,NA,NA,NA,chr20:33174144,T:A,1,Public,2,AM067b-X1/AM067b
AM067b,CES1:chr16:55823666:G:A,CES1,NA,NA,NA,chr16:55823666,G:A,1,Public,2,AM067b-X1/AM067b
AM067b,CFAP46:chr10:132847221:G:A,CFAP46,NA,NA,NA,chr10:132847221,G:A,1,Public,2,AM067b-X1/AM067b
AM067b,CLCN7:chr16:1450504:C:A,CLCN7,NA,NA,NA,chr16:1450504,C:A,1,Public,2,AM067b-X1/AM067b
AM067b,CYP8B1:chr3:42875607:C:T,CYP8B1,NA,NA,NA,chr3:42875607,C:T,1,Public,2,AM067b-X1/AM067b
AM067b,DNAH17:chr17:78468627:C:A,DNAH17,NA,NA,NA,chr17:78468627,C:A,1,Public,2,AM067b-X1/AM067b
AM067b,DNAH17:chr17:78468734:C:T,DNAH17,NA,NA,NA,chr17:78468734,C:T,1,Public,2,AM067b-X1/AM067b
AM067b,EGF:chr4:109983491:A:T,EGF,NA,NA,NA,chr4:109983491,A:T,1,Public,2,AM067b-X1/AM067b
AM067b,EGFR:chr7:55198744:T:A,EGFR,oncogene,glioma/NSCLC,NSCLC,chr7:55198744,T:A,1,Public,2,AM067b-X1/AM067b
AM067b,ERCC6L2:chr9:95921178:G:C,ERCC6L2,NA,NA,NA,chr9:95921178,G:C,1,Public,2,AM067b-X1/AM067b
AM067b,ERICH3:chr1:74572697:G:A,ERICH3,NA,NA,NA,chr1:74572697,G:A,1,Public,2,AM067b-X1/AM067b
AM067b,ERICH6B:chr13:45541609:G:T,ERICH6B,NA,NA,NA,chr13:45541609,G:T,1,Public,2,AM067b-X1/AM067b
AM067b,FBXL17:chr5:108364917:T:A,FBXL17,NA,NA,NA,chr5:108364917,T:A,1,Public,2,AM067b-X1/AM067b
AM067b,GPHB5:chr14:63317738:C:T,GPHB5,NA,NA,NA,chr14:63317738,C:T,1,Public,2,AM067b-X1/AM067b
AM067b,HSPG2:chr1:21850053:C:T,HSPG2,NA,NA,NA,chr1:21850053,C:T,1,Public,2,AM067b-X1/AM067b
AM067b,KCP:chr7:128893451:A:T,KCP,NA,NA,NA,chr7:128893451,A:T,1,Public,2,AM067b-X1/AM067b
AM067b,KIF18A:chr11:28059153:T:C,KIF18A,NA,NA,NA,chr11:28059153,T:C,1,Public,2,AM067b-X1/AM067b
AM067b,KIT:chr4:54727423:T:C,KIT,oncogene,GIST/AML/TGCT/mastocytosis/mucosal melanoma,GIST/epithelioma,chr4:54727423,T:C,1,Public,2,AM067b-X1/AM067b
AM067b,KIT:chr4:54727444:T:C,KIT,oncogene,GIST/AML/TGCT/mastocytosis/mucosal melanoma,GIST/epithelioma,chr4:54727444,T:C,1,Public,2,AM067b-X1/AM067b
AM067b,MAP3K9:chr14:70801024:A:C,MAP3K9,NA,NA,NA,chr14:70801024,A:C,1,Public,2,AM067b-X1/AM067b
AM067b,MEGF10:chr5:127443113:G:A,MEGF10,NA,NA,NA,chr5:127443113,G:A,1,Public,2,AM067b-X1/AM067b
AM067b,MSANTD3-TMEFF1:chr9:100509043:G:T,MSANTD3-TMEFF1,NA,NA,NA,chr9:100509043,G:T,1,Public,2,AM067b-X1/AM067b
AM067b,MYH10:chr17:8548686:C:T,MYH10,NA,NA,NA,chr17:8548686,C:T,1,Public,2,AM067b-X1/AM067b
AM067b,NBAS:chr2:15554062:T:A,NBAS,NA,NA,NA,chr2:15554062,T:A,1,Public,2,AM067b-X1/AM067b
AM067b,NCBP1:chr9:97662980:C:T,NCBP1,NA,NA,NA,chr9:97662980,C:T,1,Public,2,AM067b-X1/AM067b
AM067b,NLRP12:chr19:53795901:C:A,NLRP12,NA,NA,NA,chr19:53795901,C:A,1,Public,2,AM067b-X1/AM067b
AM067b,OR4X2:chr11:48245629:C:A,OR4X2,NA,NA,NA,chr11:48245629,C:A,1,Public,2,AM067b-X1/AM067b
AM067b,PCDH17:chr13:57632793:C:T,PCDH17,NA,NA,NA,chr13:57632793,C:T,1,Public,2,AM067b-X1/AM067b
AM067b,PHLDB3:chr19:43497784:C:T,PHLDB3,NA,NA,NA,chr19:43497784,C:T,1,Public,2,AM067b-X1/AM067b
AM067b,PLEC:chr8:143923630:G:A,PLEC,NA,NA,NA,chr8:143923630,G:A,1,Public,2,AM067b-X1/AM067b
AM067b,PLXDC2:chr10:20001831:G:T,PLXDC2,NA,NA,NA,chr10:20001831,G:T,1,Public,2,AM067b-X1/AM067b
AM067b,PMEL:chr12:55961330:A:G,PMEL,NA,NA,NA,chr12:55961330,A:G,1,Public,2,AM067b-X1/AM067b
AM067b,PNMA5:chrX:152990842:G:A,PNMA5,NA,NA,NA,chrX:152990842,G:A,1,Public,2,AM067b-X1/AM067b
AM067b,RHBDL3:chr17:32267923:C:G,RHBDL3,NA,NA,NA,chr17:32267923,C:G,1,Public,2,AM067b-X1/AM067b
AM067b,SAMD9:chr7:93102823:A:G,SAMD9,NA,NA,NA,chr7:93102823,A:G,1,Public,2,AM067b-X1/AM067b
AM067b,SF3B2:chr11:66059864:G:A,SF3B2,NA,NA,NA,chr11:66059864,G:A,1,Public,2,AM067b-X1/AM067b
AM067b,SLC49A3:chr4:684781:-:G,SLC49A3,NA,NA,NA,chr4:684781,-:G,1,Public,2,AM067b-X1/AM067b
AM067b,SLC8A1:chr2:40430234:CCCATTGAA:-,SLC8A1,NA,NA,NA,chr2:40430234,CCCATTGAA:-,1,Public,2,AM067b-X1/AM067b
AM067b,TACC1:chr8:38838501:G:A,TACC1,NA,NA,NA,chr8:38838501,G:A,1,Public,2,AM067b-X1/AM067b
AM067b,TAF1:chrX:71387364:T:G,TAF1,NA,NA,NA,chrX:71387364,T:G,1,Public,2,AM067b-X1/AM067b
AM067b,TCF25:chr16:89893752:-:A,TCF25,NA,NA,NA,chr16:89893752,-:A,1,Public,2,AM067b-X1/AM067b
AM067b,TCHH:chr1:152108826:C:T,TCHH,NA,NA,NA,chr1:152108826,C:T,1,Public,2,AM067b-X1/AM067b
AM067b,TFDP3:chrX:133217183:G:A,TFDP3,NA,NA,NA,chrX:133217183,G:A,1,Public,2,AM067b-X1/AM067b
AM067b,TMEFF1:chr9:100509043:G:T,TMEFF1,NA,NA,NA,chr9:100509043,G:T,1,Public,2,AM067b-X1/AM067b
AM067b,TMEM248:chr7:66948680:G:A,TMEM248,NA,NA,NA,chr7:66948680,G:A,1,Public,2,AM067b-X1/AM067b
AM067b,TNMD:chrX:100599557:G:A,TNMD,NA,NA,NA,chrX:100599557,G:A,1,Public,2,AM067b-X1/AM067b
AM067b,TRIM28:chr19:58549090:C:A,TRIM28,NA,NA,NA,chr19:58549090,C:A,1,Public,2,AM067b-X1/AM067b
AM067b,TRIM8:chr10:102645034:C:G,TRIM8,NA,NA,NA,chr10:102645034,C:G,1,Public,2,AM067b-X1/AM067b
AM067b,TUT4:chr1:52526107:-:T,TUT4,NA,NA,NA,chr1:52526107,-:T,1,Public,2,AM067b-X1/AM067b
AM067b,TYRP1:chr9:12702411:ACAA:-,TYRP1,NA,NA,NA,chr9:12702411,ACAA:-,1,Public,2,AM067b-X1/AM067b
AM067b,UNC13C:chr15:54626908:G:A,UNC13C,NA,NA,NA,chr15:54626908,G:A,1,Public,2,AM067b-X1/AM067b
AM067b,UNC50:chr2:98616520:C:T,UNC50,NA,NA,NA,chr2:98616520,C:T,1,Public,2,AM067b-X1/AM067b
AM067b,UNC50:chr2:98618197:C:G,UNC50,NA,NA,NA,chr2:98618197,C:G,1,Public,2,AM067b-X1/AM067b
AM067b,ZC2HC1B:chr6:143898564:G:A,ZC2HC1B,NA,NA,NA,chr6:143898564,G:A,1,Public,2,AM067b-X1/AM067b
AM067b,ZC3HC1:chr7:130051242:G:C,ZC3HC1,NA,NA,NA,chr7:130051242,G:C,1,Public,2,AM067b-X1/AM067b
AM067b,ZFHX3:chr16:72797554:C:A,ZFHX3,TSG,endometrial/gastric/prostate,,chr16:72797554,C:A,1,Public,2,AM067b-X1/AM067b
AM067b,ZNF746:chr7:149494475:A:T,ZNF746,NA,NA,NA,chr7:149494475,A:T,1,Public,2,AM067b-X1/AM067b
AM067b,NOL4L:chr20:32452303:G:A,NOL4L,NA,NA,NA,chr20:32452303,G:A,0,NA,1,AM067b-X1
AM067b,PPP1CC:chr12:110722539:A:G,PPP1CC,NA,NA,NA,chr12:110722539,A:G,0,NA,1,AM067b-X1
AM067b,PPP1CC:chr12:110722648:G:T,PPP1CC,NA,NA,NA,chr12:110722648,G:T,0,NA,1,AM067b-X1
AM067b,SAMD1:chr19:14090112:C:G,SAMD1,NA,NA,NA,chr19:14090112,C:G,0,NA,1,AM067b-X1
AM067b,SCNN1B:chr16:23352928:C:A,SCNN1B,NA,NA,NA,chr16:23352928,C:A,0,NA,1,AM067b-X1
AM067b,SELL:chr1:169708487:C:A,SELL,NA,NA,NA,chr1:169708487,C:A,0,NA,1,AM067b-X1
AM067b,SGCZ:chr8:14324193:T:C,SGCZ,NA,NA,NA,chr8:14324193,T:C,0,NA,1,AM067b-X1
AM067b,TAF4:chr20:62065663:C:G,TAF4,NA,NA,NA,chr20:62065663,C:G,0,NA,1,AM067b-X1
AM067b,UBE2N:chr12:93411132:G:T,UBE2N,NA,NA,NA,chr12:93411132,G:T,0,NA,1,AM067b-X1
AM067b,UBE2N:chr12:93411204:A:G,UBE2N,NA,NA,NA,chr12:93411204,A:G,0,NA,1,AM067b-X1
AM067b,UBE2N:chr12:93411255:G:T,UBE2N,NA,NA,NA,chr12:93411255,G:T,0,NA,1,AM067b-X1
AM067b,UBE2N:chr12:93411261:G:A,UBE2N,NA,NA,NA,chr12:93411261,G:A,0,NA,1,AM067b-X1
AM067b,YTHDF2:chr1:28742642:C:T,YTHDF2,NA,NA,NA,chr1:28742642,C:T,0,NA,1,AM067b-X1
AM067b,YTHDF2:chr1:28742705:G:A,YTHDF2,NA,NA,NA,chr1:28742705,G:A,0,NA,1,AM067b-X1
AM067b,YTHDF2:chr1:28742729:T:C,YTHDF2,NA,NA,NA,chr1:28742729,T:C,0,NA,1,AM067b-X1
AM067b,YTHDF2:chr1:28742741:T:C,YTHDF2,NA,NA,NA,chr1:28742741,T:C,0,NA,1,AM067b-X1
AM067b,YTHDF2:chr1:28743812:C:T,YTHDF2,NA,NA,NA,chr1:28743812,C:T,0,NA,1,AM067b-X1
AM067b,CNDP2:chr18:74510879:G:A,CNDP2,NA,NA,NA,chr18:74510879,G:A,1,Private,1,AM067b
AM067b,SWT1:chr1:185168322:TTTTTTATTT:AAATGATAGACTTTTTTTTTTAA,SWT1,NA,NA,NA,chr1:185168322,TTTTTTATTT:AAATGATAGACTTTTTTTTTTAA,1,Private,1,AM067b
AM067b,ZFR:chr5:32419940:CAGCAGC:-,ZFR,NA,NA,NA,chr5:32419940,CAGCAGC:-,1,Private,1,AM067b
